sample,timestamp_s,code_a,voltage_a_v,ac_a_v,code_b,voltage_b_v,ac_b_v,raw_hex
1,0.000694,2701,3.297924,0.797924,2039,2.489621,-0.010379,15 1A 0F EE
2,0.001509,2700,3.296703,0.796703,2039,2.489621,-0.010379,15 18 0F EE
3,0.002284,2701,3.297924,0.797924,2056,2.510379,0.010379,15 1A 10 10
4,0.002914,2700,3.296703,0.796703,2075,2.533578,0.033578,15 18 10 36
5,0.003479,2700,3.296703,0.796703,2075,2.533578,0.033578,15 18 10 36
6,0.003933,2700,3.296703,0.796703,2039,2.489621,-0.010379,15 18 0F EE
7,0.004514,2700,3.296703,0.796703,2072,2.529915,0.029915,15 18 10 30
8,0.005056,2700,3.296703,0.796703,2043,2.494505,-0.005495,15 18 0F F6
9,0.005772,2700,3.296703,0.796703,2030,2.478632,-0.021368,15 18 0F DC
10,0.006526,2700,3.296703,0.796703,2039,2.489621,-0.010379,15 18 0F EE
11,0.006919,2700,3.296703,0.796703,2075,2.533578,0.033578,15 18 10 36
12,0.007276,2701,3.297924,0.797924,2022,2.468864,-0.031136,15 1A 0F CC
13,0.007893,2700,3.296703,0.796703,2022,2.468864,-0.031136,15 18 0F CC
14,0.009472,2701,3.297924,0.797924,2022,2.468864,-0.031136,15 1A 0F CC
15,0.014718,2701,3.297924,0.797924,2043,2.494505,-0.005495,15 1A 0F F6
16,0.015518,2700,3.296703,0.796703,2056,2.510379,0.010379,15 18 10 10
17,0.016698,2700,3.296703,0.796703,2030,2.478632,-0.021368,15 18 0F DC
18,0.017594,2700,3.296703,0.796703,2023,2.470085,-0.029915,15 18 0F CE
19,0.018373,2700,3.296703,0.796703,2043,2.494505,-0.005495,15 18 0F F6
20,0.019413,2700,3.296703,0.796703,2048,2.500611,0.000611,15 18 10 00
21,0.020295,2700,3.296703,0.796703,2048,2.500611,0.000611,15 18 10 00
22,0.021044,2700,3.296703,0.796703,2072,2.529915,0.029915,15 18 10 30
23,0.026249,2700,3.296703,0.796703,2048,2.500611,0.000611,15 18 10 00
24,0.027725,2700,3.296703,0.796703,2030,2.478632,-0.021368,15 18 0F DC
25,0.028630,2700,3.296703,0.796703,2048,2.500611,0.000611,15 18 10 00
26,0.029330,2700,3.296703,0.796703,2073,2.531136,0.031136,15 18 10 32
27,0.030085,2700,3.296703,0.796703,2022,2.468864,-0.031136,15 18 0F CC
28,0.031863,2700,3.296703,0.796703,2056,2.510379,0.010379,15 18 10 10
29,0.033218,2700,3.296703,0.796703,2046,2.498168,-0.001832,15 18 0F FC
30,0.036782,2700,3.296703,0.796703,2023,2.470085,-0.029915,15 18 0F CE
31,0.037542,2700,3.296703,0.796703,2074,2.532357,0.032357,15 18 10 34
32,0.038176,2700,3.296703,0.796703,2056,2.510379,0.010379,15 18 10 10
33,0.038736,2700,3.296703,0.796703,2048,2.500611,0.000611,15 18 10 00
34,0.039344,2700,3.296703,0.796703,2072,2.529915,0.029915,15 18 10 30
35,0.041733,2700,3.296703,0.796703,2064,2.520147,0.020147,15 18 10 20
36,0.042562,2700,3.296703,0.796703,2056,2.510379,0.010379,15 18 10 10
37,0.043323,2700,3.296703,0.796703,2048,2.500611,0.000611,15 18 10 00
38,0.043999,2700,3.296703,0.796703,2039,2.489621,-0.010379,15 18 0F EE
39,0.045405,2700,3.296703,0.796703,2039,2.489621,-0.010379,15 18 0F EE
40,0.046095,2700,3.296703,0.796703,2023,2.470085,-0.029915,15 18 0F CE
41,0.047709,2700,3.296703,0.796703,2056,2.510379,0.010379,15 18 10 10
42,0.049136,2700,3.296703,0.796703,2064,2.520147,0.020147,15 18 10 20
43,0.050545,2700,3.296703,0.796703,2056,2.510379,0.010379,15 18 10 10
44,0.052929,2700,3.296703,0.796703,2073,2.531136,0.031136,15 18 10 32
45,0.054255,2700,3.296703,0.796703,2039,2.489621,-0.010379,15 18 0F EE
46,0.055042,2701,3.297924,0.797924,2075,2.533578,0.033578,15 1A 10 36
47,0.055815,2700,3.296703,0.796703,2048,2.500611,0.000611,15 18 10 00
48,0.057197,2700,3.296703,0.796703,2023,2.470085,-0.029915,15 18 0F CE
49,0.057863,2701,3.297924,0.797924,2023,2.470085,-0.029915,15 1A 0F CE
50,0.058636,2701,3.297924,0.797924,2023,2.470085,-0.029915,15 1A 0F CE
51,0.059479,2700,3.296703,0.796703,2072,2.529915,0.029915,15 18 10 30
52,0.060722,2700,3.296703,0.796703,2072,2.529915,0.029915,15 18 10 30
53,0.061438,2700,3.296703,0.796703,2022,2.468864,-0.031136,15 18 0F CC
54,0.062259,2701,3.297924,0.797924,2022,2.468864,-0.031136,15 1A 0F CC
55,0.063866,2700,3.296703,0.796703,2075,2.533578,0.033578,15 18 10 36
56,0.066494,2700,3.296703,0.796703,2048,2.500611,0.000611,15 18 10 00
57,0.067215,2700,3.296703,0.796703,2030,2.478632,-0.021368,15 18 0F DC
58,0.067870,2700,3.296703,0.796703,2072,2.529915,0.029915,15 18 10 30
59,0.068495,2700,3.296703,0.796703,2022,2.468864,-0.031136,15 18 0F CC
60,0.069107,2700,3.296703,0.796703,2056,2.510379,0.010379,15 18 10 10
61,0.069706,2700,3.296703,0.796703,2056,2.510379,0.010379,15 18 10 10
62,0.070295,2701,3.297924,0.797924,2056,2.510379,0.010379,15 1A 10 10
63,0.070890,2701,3.297924,0.797924,2067,2.523810,0.023810,15 1A 10 26
64,0.071497,2700,3.296703,0.796703,2030,2.478632,-0.021368,15 18 0F DC
65,0.072210,2701,3.297924,0.797924,2030,2.478632,-0.021368,15 1A 0F DC
66,0.072902,2700,3.296703,0.796703,2039,2.489621,-0.010379,15 18 0F EE
67,0.073666,2700,3.296703,0.796703,2023,2.470085,-0.029915,15 18 0F CE
68,0.075926,2701,3.297924,0.797924,2023,2.470085,-0.029915,15 1A 0F CE
69,0.077002,2700,3.296703,0.796703,2056,2.510379,0.010379,15 18 10 10
70,0.077793,2700,3.296703,0.796703,2064,2.520147,0.020147,15 18 10 20
71,0.078724,2700,3.296703,0.796703,2056,2.510379,0.010379,15 18 10 10
72,0.079486,2700,3.296703,0.796703,2039,2.489621,-0.010379,15 18 0F EE
73,0.080081,2700,3.296703,0.796703,2073,2.531136,0.031136,15 18 10 32
74,0.080701,2701,3.297924,0.797924,2073,2.531136,0.031136,15 1A 10 32
75,0.081322,2701,3.297924,0.797924,2023,2.470085,-0.029915,15 1A 0F CE
76,0.084092,2700,3.296703,0.796703,2056,2.510379,0.010379,15 18 10 10
77,0.084539,2700,3.296703,0.796703,2075,2.533578,0.033578,15 18 10 36
78,0.084940,2700,3.296703,0.796703,2073,2.531136,0.031136,15 18 10 32
79,0.087263,2700,3.296703,0.796703,2052,2.505495,0.005495,15 18 10 08
80,0.087847,2700,3.296703,0.796703,2039,2.489621,-0.010379,15 18 0F EE
81,0.088626,2700,3.296703,0.796703,2039,2.489621,-0.010379,15 18 0F EE
82,0.090674,2700,3.296703,0.796703,2030,2.478632,-0.021368,15 18 0F DC
83,0.091537,2700,3.296703,0.796703,2039,2.489621,-0.010379,15 18 0F EE
84,0.092251,2700,3.296703,0.796703,2072,2.529915,0.029915,15 18 10 30
85,0.093023,2700,3.296703,0.796703,2039,2.489621,-0.010379,15 18 0F EE
86,0.093725,2700,3.296703,0.796703,2039,2.489621,-0.010379,15 18 0F EE
87,0.094330,2700,3.296703,0.796703,2056,2.510379,0.010379,15 18 10 10
88,0.095379,2700,3.296703,0.796703,2073,2.531136,0.031136,15 18 10 32
89,0.095998,2700,3.296703,0.796703,2072,2.529915,0.029915,15 18 10 30
90,0.096641,2700,3.296703,0.796703,2048,2.500611,0.000611,15 18 10 00
91,0.097409,2700,3.296703,0.796703,2072,2.529915,0.029915,15 18 10 30
92,0.098050,2700,3.296703,0.796703,2056,2.510379,0.010379,15 18 10 10
93,0.098684,2700,3.296703,0.796703,2030,2.478632,-0.021368,15 18 0F DC
94,0.099439,2701,3.297924,0.797924,2030,2.478632,-0.021368,15 1A 0F DC
95,0.100270,2701,3.297924,0.797924,2023,2.470085,-0.029915,15 1A 0F CE
96,0.101112,2701,3.297924,0.797924,2073,2.531136,0.031136,15 1A 10 32
97,0.101948,2701,3.297924,0.797924,2048,2.500611,0.000611,15 1A 10 00
98,0.102744,2701,3.297924,0.797924,2023,2.470085,-0.029915,15 1A 0F CE
99,0.103757,2700,3.296703,0.796703,2073,2.531136,0.031136,15 18 10 32
100,0.104562,2700,3.296703,0.796703,2073,2.531136,0.031136,15 18 10 32
101,0.105271,2701,3.297924,0.797924,2039,2.489621,-0.010379,15 1A 0F EE
102,0.105879,2700,3.296703,0.796703,2048,2.500611,0.000611,15 18 10 00
103,0.106900,2701,3.297924,0.797924,2023,2.470085,-0.029915,15 1A 0F CE
104,0.107858,2700,3.296703,0.796703,2030,2.478632,-0.021368,15 18 0F DC
105,0.108577,2700,3.296703,0.796703,2075,2.533578,0.033578,15 18 10 36
106,0.109380,2700,3.296703,0.796703,2048,2.500611,0.000611,15 18 10 00
107,0.110088,2701,3.297924,0.797924,2075,2.533578,0.033578,15 1A 10 36
108,0.110925,2701,3.297924,0.797924,2030,2.478632,-0.021368,15 1A 0F DC
109,0.111603,2701,3.297924,0.797924,2075,2.533578,0.033578,15 1A 10 36
110,0.112151,2700,3.296703,0.796703,2075,2.533578,0.033578,15 18 10 36
111,0.112636,2700,3.296703,0.796703,2073,2.531136,0.031136,15 18 10 32
112,0.113221,2700,3.296703,0.796703,2075,2.533578,0.033578,15 18 10 36
113,0.113772,2700,3.296703,0.796703,2075,2.533578,0.033578,15 18 10 36
114,0.114580,2700,3.296703,0.796703,2047,2.499389,-0.000611,15 18 0F FE
115,0.115622,2700,3.296703,0.796703,2073,2.531136,0.031136,15 18 10 32
116,0.116242,2701,3.297924,0.797924,2039,2.489621,-0.010379,15 1A 0F EE
117,0.116718,2700,3.296703,0.796703,2022,2.468864,-0.031136,15 18 0F CC
118,0.117177,2700,3.296703,0.796703,2064,2.520147,0.020147,15 18 10 20
119,0.117633,2700,3.296703,0.796703,2048,2.500611,0.000611,15 18 10 00
120,0.118286,2701,3.297924,0.797924,2056,2.510379,0.010379,15 1A 10 10
121,0.118939,2701,3.297924,0.797924,2030,2.478632,-0.021368,15 1A 0F DC
122,0.119614,2701,3.297924,0.797924,2048,2.500611,0.000611,15 1A 10 00
123,0.120325,2701,3.297924,0.797924,2022,2.468864,-0.031136,15 1A 0F CC
124,0.121052,2700,3.296703,0.796703,2067,2.523810,0.023810,15 18 10 26
125,0.121737,2700,3.296703,0.796703,2072,2.529915,0.029915,15 18 10 30
126,0.122274,2700,3.296703,0.796703,2072,2.529915,0.029915,15 18 10 30
127,0.124463,2701,3.297924,0.797924,2046,2.498168,-0.001832,15 1A 0F FC
128,0.125354,2701,3.297924,0.797924,2048,2.500611,0.000611,15 1A 10 00
129,0.126091,2700,3.296703,0.796703,2048,2.500611,0.000611,15 18 10 00
130,0.126667,2700,3.296703,0.796703,2030,2.478632,-0.021368,15 18 0F DC
131,0.127314,2701,3.297924,0.797924,2030,2.478632,-0.021368,15 1A 0F DC
132,0.128235,2700,3.296703,0.796703,2056,2.510379,0.010379,15 18 10 10
133,0.128788,2700,3.296703,0.796703,2043,2.494505,-0.005495,15 18 0F F6
134,0.129232,2700,3.296703,0.796703,2073,2.531136,0.031136,15 18 10 32
135,0.129648,2700,3.296703,0.796703,2072,2.529915,0.029915,15 18 10 30
136,0.130306,2700,3.296703,0.796703,2030,2.478632,-0.021368,15 18 0F DC
137,0.131040,2700,3.296703,0.796703,2030,2.478632,-0.021368,15 18 0F DC
138,0.131567,2700,3.296703,0.796703,2048,2.500611,0.000611,15 18 10 00
139,0.132563,2700,3.296703,0.796703,2043,2.494505,-0.005495,15 18 0F F6
140,0.133202,2701,3.297924,0.797924,2056,2.510379,0.010379,15 1A 10 10
141,0.133911,2701,3.297924,0.797924,2073,2.531136,0.031136,15 1A 10 32
142,0.134630,2700,3.296703,0.796703,2064,2.520147,0.020147,15 18 10 20
143,0.135172,2700,3.296703,0.796703,2072,2.529915,0.029915,15 18 10 30
144,0.135674,2700,3.296703,0.796703,2048,2.500611,0.000611,15 18 10 00
145,0.136176,2700,3.296703,0.796703,2048,2.500611,0.000611,15 18 10 00
146,0.136816,2700,3.296703,0.796703,2056,2.510379,0.010379,15 18 10 10
147,0.137496,2700,3.296703,0.796703,2030,2.478632,-0.021368,15 18 0F DC
148,0.138095,2700,3.296703,0.796703,2039,2.489621,-0.010379,15 18 0F EE
149,0.138598,2700,3.296703,0.796703,2048,2.500611,0.000611,15 18 10 00
150,0.139096,2700,3.296703,0.796703,2046,2.498168,-0.001832,15 18 0F FC
151,0.139675,2700,3.296703,0.796703,2022,2.468864,-0.031136,15 18 0F CC
152,0.140258,2700,3.296703,0.796703,2039,2.489621,-0.010379,15 18 0F EE
153,0.140969,2700,3.296703,0.796703,2046,2.498168,-0.001832,15 18 0F FC
154,0.141746,2701,3.297924,0.797924,2030,2.478632,-0.021368,15 1A 0F DC
155,0.142422,2700,3.296703,0.796703,2048,2.500611,0.000611,15 18 10 00
156,0.143030,2700,3.296703,0.796703,2039,2.489621,-0.010379,15 18 0F EE
157,0.143511,2701,3.297924,0.797924,2043,2.494505,-0.005495,15 1A 0F F6
158,0.143956,2700,3.296703,0.796703,2072,2.529915,0.029915,15 18 10 30
159,0.144497,2701,3.297924,0.797924,2039,2.489621,-0.010379,15 1A 0F EE
160,0.145156,2701,3.297924,0.797924,2072,2.529915,0.029915,15 1A 10 30
161,0.145872,2700,3.296703,0.796703,2072,2.529915,0.029915,15 18 10 30
162,0.146499,2700,3.296703,0.796703,2075,2.533578,0.033578,15 18 10 36
163,0.147426,2700,3.296703,0.796703,2056,2.510379,0.010379,15 18 10 10
164,0.148234,2700,3.296703,0.796703,2046,2.498168,-0.001832,15 18 0F FC
165,0.148936,2700,3.296703,0.796703,2048,2.500611,0.000611,15 18 10 00
166,0.149550,2700,3.296703,0.796703,2048,2.500611,0.000611,15 18 10 00
167,0.150174,2700,3.296703,0.796703,2039,2.489621,-0.010379,15 18 0F EE
168,0.150724,2700,3.296703,0.796703,2064,2.520147,0.020147,15 18 10 20
169,0.151188,2700,3.296703,0.796703,2048,2.500611,0.000611,15 18 10 00
170,0.151647,2700,3.296703,0.796703,2073,2.531136,0.031136,15 18 10 32
171,0.152062,2700,3.296703,0.796703,2073,2.531136,0.031136,15 18 10 32
172,0.152621,2700,3.296703,0.796703,2075,2.533578,0.033578,15 18 10 36
173,0.153567,2700,3.296703,0.796703,2048,2.500611,0.000611,15 18 10 00
174,0.154167,2700,3.296703,0.796703,2022,2.468864,-0.031136,15 18 0F CC
175,0.154858,2701,3.297924,0.797924,2072,2.529915,0.029915,15 1A 10 30
176,0.155689,2701,3.297924,0.797924,2056,2.510379,0.010379,15 1A 10 10
177,0.156382,2700,3.296703,0.796703,2056,2.510379,0.010379,15 18 10 10
178,0.157220,2700,3.296703,0.796703,2075,2.533578,0.033578,15 18 10 36
179,0.157748,2700,3.296703,0.796703,2030,2.478632,-0.021368,15 18 0F DC
180,0.158413,2700,3.296703,0.796703,2022,2.468864,-0.031136,15 18 0F CC
181,0.158957,2700,3.296703,0.796703,2039,2.489621,-0.010379,15 18 0F EE
182,0.159653,2700,3.296703,0.796703,2046,2.498168,-0.001832,15 18 0F FC
183,0.160273,2701,3.297924,0.797924,2073,2.531136,0.031136,15 1A 10 32
184,0.160826,2700,3.296703,0.796703,2064,2.520147,0.020147,15 18 10 20
185,0.161180,2700,3.296703,0.796703,2056,2.510379,0.010379,15 18 10 10
186,0.161509,2701,3.297924,0.797924,2056,2.510379,0.010379,15 1A 10 10
187,0.161844,2701,3.297924,0.797924,2030,2.478632,-0.021368,15 1A 0F DC
188,0.162241,2700,3.296703,0.796703,2048,2.500611,0.000611,15 18 10 00
189,0.162562,2700,3.296703,0.796703,2056,2.510379,0.010379,15 18 10 10
190,0.162879,2700,3.296703,0.796703,2030,2.478632,-0.021368,15 18 0F DC
191,0.163265,2700,3.296703,0.796703,2056,2.510379,0.010379,15 18 10 10
192,0.163879,2700,3.296703,0.796703,2075,2.533578,0.033578,15 18 10 36
193,0.164359,2700,3.296703,0.796703,2048,2.500611,0.000611,15 18 10 00
194,0.164927,2700,3.296703,0.796703,2075,2.533578,0.033578,15 18 10 36
195,0.165502,2700,3.296703,0.796703,2030,2.478632,-0.021368,15 18 0F DC
196,0.166089,2700,3.296703,0.796703,2073,2.531136,0.031136,15 18 10 32
197,0.166485,2700,3.296703,0.796703,2075,2.533578,0.033578,15 18 10 36
198,0.166928,2700,3.296703,0.796703,2046,2.498168,-0.001832,15 18 0F FC
199,0.167441,2700,3.296703,0.796703,2067,2.523810,0.023810,15 18 10 26
200,0.167876,2701,3.297924,0.797924,2048,2.500611,0.000611,15 1A 10 00
201,0.168443,2700,3.296703,0.796703,2075,2.533578,0.033578,15 18 10 36
202,0.169198,2700,3.296703,0.796703,2048,2.500611,0.000611,15 18 10 00
203,0.169739,2700,3.296703,0.796703,2075,2.533578,0.033578,15 18 10 36
204,0.170201,2701,3.297924,0.797924,2073,2.531136,0.031136,15 1A 10 32
205,0.170542,2700,3.296703,0.796703,2022,2.468864,-0.031136,15 18 0F CC
206,0.171007,2700,3.296703,0.796703,2073,2.531136,0.031136,15 18 10 32
207,0.171394,2701,3.297924,0.797924,2022,2.468864,-0.031136,15 1A 0F CC
208,0.171840,2700,3.296703,0.796703,2043,2.494505,-0.005495,15 18 0F F6
209,0.172368,2700,3.296703,0.796703,2075,2.533578,0.033578,15 18 10 36
210,0.172744,2700,3.296703,0.796703,2023,2.470085,-0.029915,15 18 0F CE
211,0.173136,2700,3.296703,0.796703,2022,2.468864,-0.031136,15 18 0F CC
212,0.173524,2700,3.296703,0.796703,2056,2.510379,0.010379,15 18 10 10
213,0.173947,2700,3.296703,0.796703,2030,2.478632,-0.021368,15 18 0F DC
214,0.174302,2700,3.296703,0.796703,2056,2.510379,0.010379,15 18 10 10
215,0.174620,2701,3.297924,0.797924,2030,2.478632,-0.021368,15 1A 0F DC
216,0.175025,2700,3.296703,0.796703,2067,2.523810,0.023810,15 18 10 26
217,0.175624,2700,3.296703,0.796703,2048,2.500611,0.000611,15 18 10 00
218,0.176105,2700,3.296703,0.796703,2064,2.520147,0.020147,15 18 10 20
219,0.176493,2700,3.296703,0.796703,2056,2.510379,0.010379,15 18 10 10
220,0.176828,2701,3.297924,0.797924,2046,2.498168,-0.001832,15 1A 0F FC
221,0.177185,2700,3.296703,0.796703,2075,2.533578,0.033578,15 18 10 36
222,0.177603,2700,3.296703,0.796703,2048,2.500611,0.000611,15 18 10 00
223,0.177983,2700,3.296703,0.796703,2073,2.531136,0.031136,15 18 10 32
224,0.178306,2700,3.296703,0.796703,2030,2.478632,-0.021368,15 18 0F DC
225,0.178638,2700,3.296703,0.796703,2064,2.520147,0.020147,15 18 10 20
226,0.179106,2700,3.296703,0.796703,2023,2.470085,-0.029915,15 18 0F CE
227,0.180707,2701,3.297924,0.797924,2023,2.470085,-0.029915,15 1A 0F CE
228,0.181467,2700,3.296703,0.796703,2022,2.468864,-0.031136,15 18 0F CC
229,0.182129,2700,3.296703,0.796703,2056,2.510379,0.010379,15 18 10 10
230,0.182669,2700,3.296703,0.796703,2072,2.529915,0.029915,15 18 10 30
231,0.183311,2701,3.297924,0.797924,2067,2.523810,0.023810,15 1A 10 26
232,0.183893,2700,3.296703,0.796703,2030,2.478632,-0.021368,15 18 0F DC
233,0.184408,2701,3.297924,0.797924,2043,2.494505,-0.005495,15 1A 0F F6
234,0.184884,2700,3.296703,0.796703,2048,2.500611,0.000611,15 18 10 00
235,0.185382,2701,3.297924,0.797924,2046,2.498168,-0.001832,15 1A 0F FC
236,0.186038,2700,3.296703,0.796703,2023,2.470085,-0.029915,15 18 0F CE
237,0.186549,2700,3.296703,0.796703,2030,2.478632,-0.021368,15 18 0F DC
238,0.187016,2700,3.296703,0.796703,2046,2.498168,-0.001832,15 18 0F FC
239,0.187465,2700,3.296703,0.796703,2073,2.531136,0.031136,15 18 10 32
240,0.187905,2700,3.296703,0.796703,2056,2.510379,0.010379,15 18 10 10
241,0.188376,2701,3.297924,0.797924,2046,2.498168,-0.001832,15 1A 0F FC
242,0.189225,2700,3.296703,0.796703,2073,2.531136,0.031136,15 18 10 32
243,0.189734,2700,3.296703,0.796703,2073,2.531136,0.031136,15 18 10 32
244,0.190354,2701,3.297924,0.797924,2064,2.520147,0.020147,15 1A 10 20
245,0.190915,2701,3.297924,0.797924,2023,2.470085,-0.029915,15 1A 0F CE
246,0.191475,2701,3.297924,0.797924,2023,2.470085,-0.029915,15 1A 0F CE
247,0.191938,2701,3.297924,0.797924,2048,2.500611,0.000611,15 1A 10 00
248,0.192402,2700,3.296703,0.796703,2048,2.500611,0.000611,15 18 10 00
249,0.193034,2701,3.297924,0.797924,2056,2.510379,0.010379,15 1A 10 10
250,0.193740,2700,3.296703,0.796703,2064,2.520147,0.020147,15 18 10 20
251,0.194270,2700,3.296703,0.796703,2023,2.470085,-0.029915,15 18 0F CE
252,0.194815,2700,3.296703,0.796703,2030,2.478632,-0.021368,15 18 0F DC
253,0.195392,2701,3.297924,0.797924,2039,2.489621,-0.010379,15 1A 0F EE
254,0.196070,2700,3.296703,0.796703,2022,2.468864,-0.031136,15 18 0F CC
255,0.196929,2700,3.296703,0.796703,2039,2.489621,-0.010379,15 18 0F EE
256,0.197546,2700,3.296703,0.796703,2056,2.510379,0.010379,15 18 10 10
257,0.198357,2701,3.297924,0.797924,2022,2.468864,-0.031136,15 1A 0F CC
258,0.199238,2700,3.296703,0.796703,2048,2.500611,0.000611,15 18 10 00
259,0.199854,2701,3.297924,0.797924,2030,2.478632,-0.021368,15 1A 0F DC
260,0.200441,2700,3.296703,0.796703,2075,2.533578,0.033578,15 18 10 36
261,0.200985,2701,3.297924,0.797924,2067,2.523810,0.023810,15 1A 10 26
262,0.201608,2700,3.296703,0.796703,2048,2.500611,0.000611,15 18 10 00
263,0.202218,2701,3.297924,0.797924,2022,2.468864,-0.031136,15 1A 0F CC
264,0.202830,2700,3.296703,0.796703,2043,2.494505,-0.005495,15 18 0F F6
265,0.203451,2701,3.297924,0.797924,2073,2.531136,0.031136,15 1A 10 32
266,0.204001,2700,3.296703,0.796703,2039,2.489621,-0.010379,15 18 0F EE
267,0.204640,2701,3.297924,0.797924,2056,2.510379,0.010379,15 1A 10 10
268,0.205186,2701,3.297924,0.797924,2023,2.470085,-0.029915,15 1A 0F CE
269,0.205705,2701,3.297924,0.797924,2072,2.529915,0.029915,15 1A 10 30
270,0.206319,2700,3.296703,0.796703,2056,2.510379,0.010379,15 18 10 10
271,0.207049,2701,3.297924,0.797924,2030,2.478632,-0.021368,15 1A 0F DC
272,0.209221,2700,3.296703,0.796703,2075,2.533578,0.033578,15 18 10 36
273,0.209788,2701,3.297924,0.797924,2039,2.489621,-0.010379,15 1A 0F EE
274,0.210246,2700,3.296703,0.796703,2056,2.510379,0.010379,15 18 10 10
275,0.210887,2700,3.296703,0.796703,2056,2.510379,0.010379,15 18 10 10
276,0.211441,2700,3.296703,0.796703,2056,2.510379,0.010379,15 18 10 10
277,0.211980,2700,3.296703,0.796703,2039,2.489621,-0.010379,15 18 0F EE
278,0.212513,2701,3.297924,0.797924,2022,2.468864,-0.031136,15 1A 0F CC
279,0.212973,2701,3.297924,0.797924,2075,2.533578,0.033578,15 1A 10 36
280,0.213603,2700,3.296703,0.796703,2048,2.500611,0.000611,15 18 10 00
281,0.217735,2701,3.297924,0.797924,2072,2.529915,0.029915,15 1A 10 30
282,0.218689,2701,3.297924,0.797924,2023,2.470085,-0.029915,15 1A 0F CE
283,0.219539,2700,3.296703,0.796703,2075,2.533578,0.033578,15 18 10 36
284,0.220439,2700,3.296703,0.796703,2073,2.531136,0.031136,15 18 10 32
285,0.221015,2701,3.297924,0.797924,2030,2.478632,-0.021368,15 1A 0F DC
286,0.221680,2700,3.296703,0.796703,2048,2.500611,0.000611,15 18 10 00
287,0.222291,2701,3.297924,0.797924,2023,2.470085,-0.029915,15 1A 0F CE
288,0.222853,2700,3.296703,0.796703,2043,2.494505,-0.005495,15 18 0F F6
289,0.223407,2700,3.296703,0.796703,2048,2.500611,0.000611,15 18 10 00
290,0.223873,2700,3.296703,0.796703,2023,2.470085,-0.029915,15 18 0F CE
291,0.224329,2700,3.296703,0.796703,2022,2.468864,-0.031136,15 18 0F CC
292,0.224708,2700,3.296703,0.796703,2023,2.470085,-0.029915,15 18 0F CE
293,0.225238,2700,3.296703,0.796703,2023,2.470085,-0.029915,15 18 0F CE
294,0.225595,2700,3.296703,0.796703,2023,2.470085,-0.029915,15 18 0F CE
295,0.226030,2700,3.296703,0.796703,2064,2.520147,0.020147,15 18 10 20
296,0.226378,2700,3.296703,0.796703,2072,2.529915,0.029915,15 18 10 30
297,0.226746,2701,3.297924,0.797924,2043,2.494505,-0.005495,15 1A 0F F6
298,0.227119,2700,3.296703,0.796703,2048,2.500611,0.000611,15 18 10 00
299,0.227459,2701,3.297924,0.797924,2038,2.488400,-0.011600,15 1A 0F EC
300,0.227793,2700,3.296703,0.796703,2046,2.498168,-0.001832,15 18 0F FC
301,0.228128,2701,3.297924,0.797924,2056,2.510379,0.010379,15 1A 10 10
302,0.228502,2700,3.296703,0.796703,2067,2.523810,0.023810,15 18 10 26
303,0.228838,2701,3.297924,0.797924,2075,2.533578,0.033578,15 1A 10 36
304,0.229188,2701,3.297924,0.797924,2023,2.470085,-0.029915,15 1A 0F CE
305,0.229534,2700,3.296703,0.796703,2030,2.478632,-0.021368,15 18 0F DC
306,0.230093,2701,3.297924,0.797924,2023,2.470085,-0.029915,15 1A 0F CE
307,0.230927,2701,3.297924,0.797924,2023,2.470085,-0.029915,15 1A 0F CE
308,0.232027,2700,3.296703,0.796703,2048,2.500611,0.000611,15 18 10 00
309,0.232920,2701,3.297924,0.797924,2039,2.489621,-0.010379,15 1A 0F EE
310,0.233627,2701,3.297924,0.797924,2073,2.531136,0.031136,15 1A 10 32
311,0.234212,2701,3.297924,0.797924,2056,2.510379,0.010379,15 1A 10 10
312,0.234804,2700,3.296703,0.796703,2022,2.468864,-0.031136,15 18 0F CC
313,0.235491,2701,3.297924,0.797924,2056,2.510379,0.010379,15 1A 10 10
314,0.236124,2700,3.296703,0.796703,2039,2.489621,-0.010379,15 18 0F EE
315,0.236753,2700,3.296703,0.796703,2022,2.468864,-0.031136,15 18 0F CC
316,0.237480,2700,3.296703,0.796703,2073,2.531136,0.031136,15 18 10 32
317,0.238191,2701,3.297924,0.797924,2073,2.531136,0.031136,15 1A 10 32
318,0.238713,2701,3.297924,0.797924,2023,2.470085,-0.029915,15 1A 0F CE
319,0.239141,2701,3.297924,0.797924,2022,2.468864,-0.031136,15 1A 0F CC
320,0.239535,2700,3.296703,0.796703,2022,2.468864,-0.031136,15 18 0F CC
321,0.239897,2700,3.296703,0.796703,2056,2.510379,0.010379,15 18 10 10
322,0.240417,2701,3.297924,0.797924,2048,2.500611,0.000611,15 1A 10 00
323,0.241018,2700,3.296703,0.796703,2048,2.500611,0.000611,15 18 10 00
324,0.241637,2701,3.297924,0.797924,2073,2.531136,0.031136,15 1A 10 32
325,0.242285,2700,3.296703,0.796703,2056,2.510379,0.010379,15 18 10 10
326,0.242874,2700,3.296703,0.796703,2039,2.489621,-0.010379,15 18 0F EE
327,0.243336,2701,3.297924,0.797924,2073,2.531136,0.031136,15 1A 10 32
328,0.243725,2701,3.297924,0.797924,2022,2.468864,-0.031136,15 1A 0F CC
329,0.244169,2700,3.296703,0.796703,2030,2.478632,-0.021368,15 18 0F DC
330,0.244608,2700,3.296703,0.796703,2064,2.520147,0.020147,15 18 10 20
331,0.244977,2701,3.297924,0.797924,2067,2.523810,0.023810,15 1A 10 26
332,0.245334,2701,3.297924,0.797924,2048,2.500611,0.000611,15 1A 10 00
333,0.245761,2700,3.296703,0.796703,2022,2.468864,-0.031136,15 18 0F CC
334,0.246406,2701,3.297924,0.797924,2056,2.510379,0.010379,15 1A 10 10
335,0.246987,2701,3.297924,0.797924,2073,2.531136,0.031136,15 1A 10 32
336,0.247690,2700,3.296703,0.796703,2048,2.500611,0.000611,15 18 10 00
337,0.248368,2701,3.297924,0.797924,2056,2.510379,0.010379,15 1A 10 10
338,0.249020,2701,3.297924,0.797924,2075,2.533578,0.033578,15 1A 10 36
339,0.249464,2701,3.297924,0.797924,2039,2.489621,-0.010379,15 1A 0F EE
340,0.249858,2700,3.296703,0.796703,2023,2.470085,-0.029915,15 18 0F CE
341,0.250472,2700,3.296703,0.796703,2023,2.470085,-0.029915,15 18 0F CE
342,0.251060,2700,3.296703,0.796703,2048,2.500611,0.000611,15 18 10 00
343,0.251482,2700,3.296703,0.796703,2022,2.468864,-0.031136,15 18 0F CC
344,0.251883,2700,3.296703,0.796703,2072,2.529915,0.029915,15 18 10 30
345,0.252271,2701,3.297924,0.797924,2039,2.489621,-0.010379,15 1A 0F EE
346,0.252621,2700,3.296703,0.796703,2064,2.520147,0.020147,15 18 10 20
347,0.252959,2701,3.297924,0.797924,2075,2.533578,0.033578,15 1A 10 36
348,0.253295,2701,3.297924,0.797924,2048,2.500611,0.000611,15 1A 10 00
349,0.253653,2701,3.297924,0.797924,2039,2.489621,-0.010379,15 1A 0F EE
350,0.254200,2701,3.297924,0.797924,2056,2.510379,0.010379,15 1A 10 10
351,0.254696,2700,3.296703,0.796703,2039,2.489621,-0.010379,15 18 0F EE
352,0.255093,2700,3.296703,0.796703,2048,2.500611,0.000611,15 18 10 00
353,0.255437,2700,3.296703,0.796703,2043,2.494505,-0.005495,15 18 0F F6
354,0.255990,2700,3.296703,0.796703,2023,2.470085,-0.029915,15 18 0F CE
355,0.256337,2700,3.296703,0.796703,2067,2.523810,0.023810,15 18 10 26
356,0.256676,2701,3.297924,0.797924,2075,2.533578,0.033578,15 1A 10 36
357,0.257012,2700,3.296703,0.796703,2075,2.533578,0.033578,15 18 10 36
358,0.257347,2701,3.297924,0.797924,2056,2.510379,0.010379,15 1A 10 10
359,0.257780,2700,3.296703,0.796703,2075,2.533578,0.033578,15 18 10 36
360,0.258191,2700,3.296703,0.796703,2023,2.470085,-0.029915,15 18 0F CE
361,0.258535,2701,3.297924,0.797924,2073,2.531136,0.031136,15 1A 10 32
362,0.258890,2701,3.297924,0.797924,2075,2.533578,0.033578,15 1A 10 36
363,0.259229,2700,3.296703,0.796703,2072,2.529915,0.029915,15 18 10 30
364,0.259607,2700,3.296703,0.796703,2048,2.500611,0.000611,15 18 10 00
365,0.260110,2701,3.297924,0.797924,2075,2.533578,0.033578,15 1A 10 36
366,0.260849,2701,3.297924,0.797924,2075,2.533578,0.033578,15 1A 10 36
367,0.261602,2700,3.296703,0.796703,2030,2.478632,-0.021368,15 18 0F DC
368,0.262387,2700,3.296703,0.796703,2023,2.470085,-0.029915,15 18 0F CE
369,0.262977,2701,3.297924,0.797924,2075,2.533578,0.033578,15 1A 10 36
370,0.263544,2700,3.296703,0.796703,2073,2.531136,0.031136,15 18 10 32
371,0.264054,2700,3.296703,0.796703,2067,2.523810,0.023810,15 18 10 26
372,0.264484,2701,3.297924,0.797924,2039,2.489621,-0.010379,15 1A 0F EE
373,0.264843,2700,3.296703,0.796703,2048,2.500611,0.000611,15 18 10 00
374,0.265238,2701,3.297924,0.797924,2039,2.489621,-0.010379,15 1A 0F EE
375,0.265803,2700,3.296703,0.796703,2056,2.510379,0.010379,15 18 10 10
376,0.266245,2700,3.296703,0.796703,2039,2.489621,-0.010379,15 18 0F EE
377,0.266592,2700,3.296703,0.796703,2056,2.510379,0.010379,15 18 10 10
378,0.266932,2700,3.296703,0.796703,2056,2.510379,0.010379,15 18 10 10
379,0.267330,2701,3.297924,0.797924,2056,2.510379,0.010379,15 1A 10 10
380,0.267681,2701,3.297924,0.797924,2039,2.489621,-0.010379,15 1A 0F EE
381,0.268029,2701,3.297924,0.797924,2075,2.533578,0.033578,15 1A 10 36
382,0.268367,2700,3.296703,0.796703,2056,2.510379,0.010379,15 18 10 10
383,0.268709,2701,3.297924,0.797924,2073,2.531136,0.031136,15 1A 10 32
384,0.269129,2701,3.297924,0.797924,2073,2.531136,0.031136,15 1A 10 32
385,0.269516,2701,3.297924,0.797924,2075,2.533578,0.033578,15 1A 10 36
386,0.269851,2700,3.296703,0.796703,2046,2.498168,-0.001832,15 18 0F FC
387,0.270189,2700,3.296703,0.796703,2073,2.531136,0.031136,15 18 10 32
388,0.270538,2701,3.297924,0.797924,2067,2.523810,0.023810,15 1A 10 26
389,0.270879,2700,3.296703,0.796703,2075,2.533578,0.033578,15 18 10 36
390,0.271235,2701,3.297924,0.797924,2048,2.500611,0.000611,15 1A 10 00
391,0.271895,2701,3.297924,0.797924,2030,2.478632,-0.021368,15 1A 0F DC
392,0.272520,2700,3.296703,0.796703,2039,2.489621,-0.010379,15 18 0F EE
393,0.273070,2701,3.297924,0.797924,2023,2.470085,-0.029915,15 1A 0F CE
394,0.273603,2701,3.297924,0.797924,2075,2.533578,0.033578,15 1A 10 36
395,0.274041,2701,3.297924,0.797924,2075,2.533578,0.033578,15 1A 10 36
396,0.274437,2701,3.297924,0.797924,2064,2.520147,0.020147,15 1A 10 20
397,0.274830,2701,3.297924,0.797924,2067,2.523810,0.023810,15 1A 10 26
398,0.275228,2700,3.296703,0.796703,2039,2.489621,-0.010379,15 18 0F EE
399,0.275616,2701,3.297924,0.797924,2075,2.533578,0.033578,15 1A 10 36
400,0.276114,2700,3.296703,0.796703,2030,2.478632,-0.021368,15 18 0F DC
401,0.276501,2701,3.297924,0.797924,2023,2.470085,-0.029915,15 1A 0F CE
402,0.277561,2700,3.296703,0.796703,2030,2.478632,-0.021368,15 18 0F DC
403,0.278185,2700,3.296703,0.796703,2075,2.533578,0.033578,15 18 10 36
404,0.278881,2700,3.296703,0.796703,2030,2.478632,-0.021368,15 18 0F DC
405,0.279298,2700,3.296703,0.796703,2075,2.533578,0.033578,15 18 10 36
406,0.279803,2700,3.296703,0.796703,2046,2.498168,-0.001832,15 18 0F FC
407,0.280400,2700,3.296703,0.796703,2048,2.500611,0.000611,15 18 10 00
408,0.280950,2701,3.297924,0.797924,2023,2.470085,-0.029915,15 1A 0F CE
409,0.281400,2700,3.296703,0.796703,2023,2.470085,-0.029915,15 18 0F CE
410,0.281807,2700,3.296703,0.796703,2039,2.489621,-0.010379,15 18 0F EE
411,0.282251,2700,3.296703,0.796703,2056,2.510379,0.010379,15 18 10 10
412,0.282881,2700,3.296703,0.796703,2030,2.478632,-0.021368,15 18 0F DC
413,0.283371,2700,3.296703,0.796703,2056,2.510379,0.010379,15 18 10 10
414,0.283793,2700,3.296703,0.796703,2073,2.531136,0.031136,15 18 10 32
415,0.284204,2700,3.296703,0.796703,2048,2.500611,0.000611,15 18 10 00
416,0.284631,2701,3.297924,0.797924,2073,2.531136,0.031136,15 1A 10 32
417,0.285081,2700,3.296703,0.796703,2039,2.489621,-0.010379,15 18 0F EE
418,0.285495,2700,3.296703,0.796703,2056,2.510379,0.010379,15 18 10 10
419,0.285990,2700,3.296703,0.796703,2039,2.489621,-0.010379,15 18 0F EE
420,0.286435,2700,3.296703,0.796703,2039,2.489621,-0.010379,15 18 0F EE
421,0.286867,2701,3.297924,0.797924,2072,2.529915,0.029915,15 1A 10 30
422,0.287311,2701,3.297924,0.797924,2039,2.489621,-0.010379,15 1A 0F EE
423,0.287741,2700,3.296703,0.796703,2056,2.510379,0.010379,15 18 10 10
424,0.288229,2700,3.296703,0.796703,2039,2.489621,-0.010379,15 18 0F EE
425,0.288685,2701,3.297924,0.797924,2067,2.523810,0.023810,15 1A 10 26
426,0.289150,2701,3.297924,0.797924,2056,2.510379,0.010379,15 1A 10 10
427,0.289633,2700,3.296703,0.796703,2023,2.470085,-0.029915,15 18 0F CE
428,0.290220,2700,3.296703,0.796703,2048,2.500611,0.000611,15 18 10 00
429,0.290800,2700,3.296703,0.796703,2056,2.510379,0.010379,15 18 10 10
430,0.291269,2700,3.296703,0.796703,2048,2.500611,0.000611,15 18 10 00
431,0.291781,2701,3.297924,0.797924,2075,2.533578,0.033578,15 1A 10 36
432,0.292220,2700,3.296703,0.796703,2048,2.500611,0.000611,15 18 10 00
433,0.292954,2700,3.296703,0.796703,2030,2.478632,-0.021368,15 18 0F DC
434,0.293544,2700,3.296703,0.796703,2048,2.500611,0.000611,15 18 10 00
435,0.294119,2701,3.297924,0.797924,2056,2.510379,0.010379,15 1A 10 10
436,0.294570,2700,3.296703,0.796703,2075,2.533578,0.033578,15 18 10 36
437,0.295074,2701,3.297924,0.797924,2064,2.520147,0.020147,15 1A 10 20
438,0.295570,2700,3.296703,0.796703,2072,2.529915,0.029915,15 18 10 30
439,0.295990,2701,3.297924,0.797924,2048,2.500611,0.000611,15 1A 10 00
440,0.296499,2700,3.296703,0.796703,2039,2.489621,-0.010379,15 18 0F EE
441,0.297256,2700,3.296703,0.796703,2023,2.470085,-0.029915,15 18 0F CE
442,0.298006,2700,3.296703,0.796703,2064,2.520147,0.020147,15 18 10 20
443,0.298712,2700,3.296703,0.796703,2023,2.470085,-0.029915,15 18 0F CE
444,0.299305,2700,3.296703,0.796703,2056,2.510379,0.010379,15 18 10 10
445,0.299659,2701,3.297924,0.797924,2022,2.468864,-0.031136,15 1A 0F CC
446,0.300078,2700,3.296703,0.796703,2030,2.478632,-0.021368,15 18 0F DC
447,0.300534,2700,3.296703,0.796703,2039,2.489621,-0.010379,15 18 0F EE
448,0.301045,2700,3.296703,0.796703,2039,2.489621,-0.010379,15 18 0F EE
449,0.301779,2701,3.297924,0.797924,2039,2.489621,-0.010379,15 1A 0F EE
450,0.302324,2700,3.296703,0.796703,2030,2.478632,-0.021368,15 18 0F DC
451,0.302693,2700,3.296703,0.796703,2073,2.531136,0.031136,15 18 10 32
452,0.303197,2700,3.296703,0.796703,2043,2.494505,-0.005495,15 18 0F F6
453,0.303599,2700,3.296703,0.796703,2056,2.510379,0.010379,15 18 10 10
454,0.304239,2700,3.296703,0.796703,2023,2.470085,-0.029915,15 18 0F CE
455,0.304890,2700,3.296703,0.796703,2039,2.489621,-0.010379,15 18 0F EE
456,0.305369,2700,3.296703,0.796703,2056,2.510379,0.010379,15 18 10 10
457,0.305721,2700,3.296703,0.796703,2056,2.510379,0.010379,15 18 10 10
458,0.306122,2700,3.296703,0.796703,2039,2.489621,-0.010379,15 18 0F EE
459,0.306469,2700,3.296703,0.796703,2043,2.494505,-0.005495,15 18 0F F6
460,0.306843,2700,3.296703,0.796703,2067,2.523810,0.023810,15 18 10 26
461,0.307327,2700,3.296703,0.796703,2030,2.478632,-0.021368,15 18 0F DC
462,0.307683,2700,3.296703,0.796703,2048,2.500611,0.000611,15 18 10 00
463,0.309774,2700,3.296703,0.796703,2075,2.533578,0.033578,15 18 10 36
464,0.310466,2700,3.296703,0.796703,2039,2.489621,-0.010379,15 18 0F EE
465,0.311118,2700,3.296703,0.796703,2048,2.500611,0.000611,15 18 10 00
466,0.311697,2701,3.297924,0.797924,2039,2.489621,-0.010379,15 1A 0F EE
467,0.312445,2700,3.296703,0.796703,2056,2.510379,0.010379,15 18 10 10
468,0.313062,2700,3.296703,0.796703,2039,2.489621,-0.010379,15 18 0F EE
469,0.313837,2700,3.296703,0.796703,2038,2.488400,-0.011600,15 18 0F EC
470,0.314359,2700,3.296703,0.796703,2022,2.468864,-0.031136,15 18 0F CC
471,0.314958,2700,3.296703,0.796703,2056,2.510379,0.010379,15 18 10 10
472,0.315475,2700,3.296703,0.796703,2067,2.523810,0.023810,15 18 10 26
473,0.316010,2700,3.296703,0.796703,2056,2.510379,0.010379,15 18 10 10
474,0.316489,2700,3.296703,0.796703,2022,2.468864,-0.031136,15 18 0F CC
475,0.316993,2700,3.296703,0.796703,2056,2.510379,0.010379,15 18 10 10
476,0.317473,2700,3.296703,0.796703,2075,2.533578,0.033578,15 18 10 36
477,0.317946,2700,3.296703,0.796703,2064,2.520147,0.020147,15 18 10 20
478,0.318434,2700,3.296703,0.796703,2064,2.520147,0.020147,15 18 10 20
479,0.319080,2700,3.296703,0.796703,2056,2.510379,0.010379,15 18 10 10
480,0.319604,2700,3.296703,0.796703,2039,2.489621,-0.010379,15 18 0F EE
481,0.320088,2700,3.296703,0.796703,2048,2.500611,0.000611,15 18 10 00
482,0.320727,2700,3.296703,0.796703,2072,2.529915,0.029915,15 18 10 30
483,0.321373,2700,3.296703,0.796703,2039,2.489621,-0.010379,15 18 0F EE
484,0.322220,2700,3.296703,0.796703,2043,2.494505,-0.005495,15 18 0F F6
485,0.323437,2700,3.296703,0.796703,2048,2.500611,0.000611,15 18 10 00
486,0.324431,2701,3.297924,0.797924,2030,2.478632,-0.021368,15 1A 0F DC
487,0.325131,2700,3.296703,0.796703,2043,2.494505,-0.005495,15 18 0F F6
488,0.325655,2700,3.296703,0.796703,2056,2.510379,0.010379,15 18 10 10
489,0.326297,2700,3.296703,0.796703,2022,2.468864,-0.031136,15 18 0F CC
490,0.326813,2700,3.296703,0.796703,2030,2.478632,-0.021368,15 18 0F DC
491,0.327308,2700,3.296703,0.796703,2023,2.470085,-0.029915,15 18 0F CE
492,0.327790,2700,3.296703,0.796703,2072,2.529915,0.029915,15 18 10 30
493,0.328313,2700,3.296703,0.796703,2048,2.500611,0.000611,15 18 10 00
494,0.328908,2700,3.296703,0.796703,2075,2.533578,0.033578,15 18 10 36
495,0.329721,2700,3.296703,0.796703,2048,2.500611,0.000611,15 18 10 00
496,0.330541,2700,3.296703,0.796703,2039,2.489621,-0.010379,15 18 0F EE
497,0.331185,2701,3.297924,0.797924,2073,2.531136,0.031136,15 1A 10 32
498,0.331678,2700,3.296703,0.796703,2056,2.510379,0.010379,15 18 10 10
499,0.332305,2700,3.296703,0.796703,2075,2.533578,0.033578,15 18 10 36
500,0.332927,2700,3.296703,0.796703,2072,2.529915,0.029915,15 18 10 30
501,0.333500,2701,3.297924,0.797924,2075,2.533578,0.033578,15 1A 10 36
502,0.334006,2700,3.296703,0.796703,2075,2.533578,0.033578,15 18 10 36
503,0.334475,2700,3.296703,0.796703,2039,2.489621,-0.010379,15 18 0F EE
504,0.335186,2700,3.296703,0.796703,2073,2.531136,0.031136,15 18 10 32
505,0.335681,2700,3.296703,0.796703,2073,2.531136,0.031136,15 18 10 32
506,0.336164,2700,3.296703,0.796703,2073,2.531136,0.031136,15 18 10 32
507,0.336839,2700,3.296703,0.796703,2072,2.529915,0.029915,15 18 10 30
508,0.337740,2700,3.296703,0.796703,2073,2.531136,0.031136,15 18 10 32
509,0.338259,2700,3.296703,0.796703,2023,2.470085,-0.029915,15 18 0F CE
510,0.338951,2700,3.296703,0.796703,2023,2.470085,-0.029915,15 18 0F CE
511,0.339530,2700,3.296703,0.796703,2048,2.500611,0.000611,15 18 10 00
512,0.340000,2700,3.296703,0.796703,2030,2.478632,-0.021368,15 18 0F DC
513,0.340501,2700,3.296703,0.796703,2073,2.531136,0.031136,15 18 10 32
514,0.341232,2700,3.296703,0.796703,2056,2.510379,0.010379,15 18 10 10
515,0.341929,2700,3.296703,0.796703,2075,2.533578,0.033578,15 18 10 36
516,0.342659,2700,3.296703,0.796703,2075,2.533578,0.033578,15 18 10 36
517,0.343226,2700,3.296703,0.796703,2048,2.500611,0.000611,15 18 10 00
518,0.343868,2700,3.296703,0.796703,2030,2.478632,-0.021368,15 18 0F DC
519,0.344353,2700,3.296703,0.796703,2048,2.500611,0.000611,15 18 10 00
520,0.345023,2700,3.296703,0.796703,2056,2.510379,0.010379,15 18 10 10
521,0.345857,2701,3.297924,0.797924,2023,2.470085,-0.029915,15 1A 0F CE
522,0.346776,2700,3.296703,0.796703,2022,2.468864,-0.031136,15 18 0F CC
523,0.347344,2700,3.296703,0.796703,2056,2.510379,0.010379,15 18 10 10
524,0.347805,2700,3.296703,0.796703,2022,2.468864,-0.031136,15 18 0F CC
525,0.348234,2700,3.296703,0.796703,2048,2.500611,0.000611,15 18 10 00
526,0.348633,2701,3.297924,0.797924,2039,2.489621,-0.010379,15 1A 0F EE
527,0.349054,2700,3.296703,0.796703,2067,2.523810,0.023810,15 18 10 26
528,0.349428,2700,3.296703,0.796703,2067,2.523810,0.023810,15 18 10 26
529,0.349776,2701,3.297924,0.797924,2022,2.468864,-0.031136,15 1A 0F CC
530,0.350112,2701,3.297924,0.797924,2039,2.489621,-0.010379,15 1A 0F EE
531,0.350486,2700,3.296703,0.796703,2073,2.531136,0.031136,15 18 10 32
532,0.350933,2701,3.297924,0.797924,2073,2.531136,0.031136,15 1A 10 32
533,0.351314,2700,3.296703,0.796703,2072,2.529915,0.029915,15 18 10 30
534,0.351998,2700,3.296703,0.796703,2064,2.520147,0.020147,15 18 10 20
535,0.352423,2700,3.296703,0.796703,2048,2.500611,0.000611,15 18 10 00
536,0.352865,2701,3.297924,0.797924,2075,2.533578,0.033578,15 1A 10 36
537,0.353241,2700,3.296703,0.796703,2023,2.470085,-0.029915,15 18 0F CE
538,0.354016,2700,3.296703,0.796703,2039,2.489621,-0.010379,15 18 0F EE
539,0.354512,2701,3.297924,0.797924,2030,2.478632,-0.021368,15 1A 0F DC
540,0.354983,2700,3.296703,0.796703,2039,2.489621,-0.010379,15 18 0F EE
541,0.355714,2700,3.296703,0.796703,2022,2.468864,-0.031136,15 18 0F CC
542,0.356082,2700,3.296703,0.796703,2023,2.470085,-0.029915,15 18 0F CE
543,0.356422,2700,3.296703,0.796703,2048,2.500611,0.000611,15 18 10 00
544,0.356766,2700,3.296703,0.796703,2048,2.500611,0.000611,15 18 10 00
545,0.357125,2700,3.296703,0.796703,2022,2.468864,-0.031136,15 18 0F CC
546,0.357621,2700,3.296703,0.796703,2056,2.510379,0.010379,15 18 10 10
547,0.358104,2700,3.296703,0.796703,2075,2.533578,0.033578,15 18 10 36
548,0.358744,2700,3.296703,0.796703,2022,2.468864,-0.031136,15 18 0F CC
549,0.359380,2700,3.296703,0.796703,2030,2.478632,-0.021368,15 18 0F DC
550,0.359805,2700,3.296703,0.796703,2048,2.500611,0.000611,15 18 10 00
551,0.382653,2700,3.296703,0.796703,2030,2.478632,-0.021368,15 18 0F DC
552,0.390708,2701,3.297924,0.797924,2048,2.500611,0.000611,15 1A 10 00
553,0.391892,2700,3.296703,0.796703,2023,2.470085,-0.029915,15 18 0F CE
554,0.392485,2700,3.296703,0.796703,2048,2.500611,0.000611,15 18 10 00
555,0.392903,2700,3.296703,0.796703,2039,2.489621,-0.010379,15 18 0F EE
556,0.393354,2700,3.296703,0.796703,2073,2.531136,0.031136,15 18 10 32
557,0.394265,2700,3.296703,0.796703,2043,2.494505,-0.005495,15 18 0F F6
558,0.395510,2700,3.296703,0.796703,2039,2.489621,-0.010379,15 18 0F EE
559,0.396743,2700,3.296703,0.796703,2023,2.470085,-0.029915,15 18 0F CE
560,0.398150,2700,3.296703,0.796703,2048,2.500611,0.000611,15 18 10 00
561,0.399387,2700,3.296703,0.796703,2056,2.510379,0.010379,15 18 10 10
562,0.399928,2700,3.296703,0.796703,2043,2.494505,-0.005495,15 18 0F F6
563,0.402288,2701,3.297924,0.797924,2030,2.478632,-0.021368,15 1A 0F DC
564,0.405607,2700,3.296703,0.796703,2023,2.470085,-0.029915,15 18 0F CE
565,0.406139,2700,3.296703,0.796703,2048,2.500611,0.000611,15 18 10 00
566,0.406657,2700,3.296703,0.796703,2022,2.468864,-0.031136,15 18 0F CC
567,0.408404,2700,3.296703,0.796703,2048,2.500611,0.000611,15 18 10 00
568,0.408911,2700,3.296703,0.796703,2073,2.531136,0.031136,15 18 10 32
569,0.409287,2700,3.296703,0.796703,2023,2.470085,-0.029915,15 18 0F CE
570,0.409774,2700,3.296703,0.796703,2073,2.531136,0.031136,15 18 10 32
571,0.410569,2700,3.296703,0.796703,2056,2.510379,0.010379,15 18 10 10
572,0.411225,2700,3.296703,0.796703,2073,2.531136,0.031136,15 18 10 32
573,0.412152,2700,3.296703,0.796703,2072,2.529915,0.029915,15 18 10 30
574,0.412652,2700,3.296703,0.796703,2048,2.500611,0.000611,15 18 10 00
575,0.414077,2701,3.297924,0.797924,2067,2.523810,0.023810,15 1A 10 26
576,0.414685,2700,3.296703,0.796703,2030,2.478632,-0.021368,15 18 0F DC
577,0.415086,2700,3.296703,0.796703,2073,2.531136,0.031136,15 18 10 32
578,0.415480,2701,3.297924,0.797924,2073,2.531136,0.031136,15 1A 10 32
579,0.415917,2700,3.296703,0.796703,2072,2.529915,0.029915,15 18 10 30
580,0.416555,2700,3.296703,0.796703,2030,2.478632,-0.021368,15 18 0F DC
581,0.417524,2700,3.296703,0.796703,2048,2.500611,0.000611,15 18 10 00
582,0.418154,2700,3.296703,0.796703,2030,2.478632,-0.021368,15 18 0F DC
583,0.418623,2700,3.296703,0.796703,2056,2.510379,0.010379,15 18 10 10
584,0.418983,2700,3.296703,0.796703,2039,2.489621,-0.010379,15 18 0F EE
585,0.419425,2700,3.296703,0.796703,2072,2.529915,0.029915,15 18 10 30
586,0.419871,2701,3.297924,0.797924,2073,2.531136,0.031136,15 1A 10 32
587,0.420356,2701,3.297924,0.797924,2022,2.468864,-0.031136,15 1A 0F CC
588,0.421017,2700,3.296703,0.796703,2067,2.523810,0.023810,15 18 10 26
589,0.422680,2701,3.297924,0.797924,2039,2.489621,-0.010379,15 1A 0F EE
590,0.423435,2700,3.296703,0.796703,2030,2.478632,-0.021368,15 18 0F DC
591,0.425110,2700,3.296703,0.796703,2023,2.470085,-0.029915,15 18 0F CE
592,0.425723,2700,3.296703,0.796703,2048,2.500611,0.000611,15 18 10 00
593,0.426306,2700,3.296703,0.796703,2072,2.529915,0.029915,15 18 10 30
594,0.427164,2700,3.296703,0.796703,2075,2.533578,0.033578,15 18 10 36
595,0.427724,2700,3.296703,0.796703,2039,2.489621,-0.010379,15 18 0F EE
596,0.428612,2700,3.296703,0.796703,2048,2.500611,0.000611,15 18 10 00
597,0.429219,2701,3.297924,0.797924,2030,2.478632,-0.021368,15 1A 0F DC
598,0.430729,2700,3.296703,0.796703,2039,2.489621,-0.010379,15 18 0F EE
599,0.434301,2700,3.296703,0.796703,2048,2.500611,0.000611,15 18 10 00
600,0.436372,2700,3.296703,0.796703,2073,2.531136,0.031136,15 18 10 32
601,0.437485,2700,3.296703,0.796703,2030,2.478632,-0.021368,15 18 0F DC
602,0.439505,2700,3.296703,0.796703,2073,2.531136,0.031136,15 18 10 32
603,0.441290,2701,3.297924,0.797924,2073,2.531136,0.031136,15 1A 10 32
604,0.441913,2700,3.296703,0.796703,2023,2.470085,-0.029915,15 18 0F CE
605,0.442441,2701,3.297924,0.797924,2043,2.494505,-0.005495,15 1A 0F F6
606,0.443639,2701,3.297924,0.797924,2039,2.489621,-0.010379,15 1A 0F EE
607,0.444229,2701,3.297924,0.797924,2067,2.523810,0.023810,15 1A 10 26
608,0.444945,2701,3.297924,0.797924,2056,2.510379,0.010379,15 1A 10 10
609,0.445501,2700,3.296703,0.796703,2048,2.500611,0.000611,15 18 10 00
610,0.446272,2701,3.297924,0.797924,2022,2.468864,-0.031136,15 1A 0F CC
611,0.446839,2700,3.296703,0.796703,2048,2.500611,0.000611,15 18 10 00
612,0.447430,2700,3.296703,0.796703,2056,2.510379,0.010379,15 18 10 10
613,0.448544,2700,3.296703,0.796703,2056,2.510379,0.010379,15 18 10 10
614,0.450004,2700,3.296703,0.796703,2064,2.520147,0.020147,15 18 10 20
615,0.450570,2701,3.297924,0.797924,2043,2.494505,-0.005495,15 1A 0F F6
616,0.450918,2700,3.296703,0.796703,2073,2.531136,0.031136,15 18 10 32
617,0.451219,2701,3.297924,0.797924,2030,2.478632,-0.021368,15 1A 0F DC
618,0.451550,2700,3.296703,0.796703,2023,2.470085,-0.029915,15 18 0F CE
619,0.451918,2701,3.297924,0.797924,2075,2.533578,0.033578,15 1A 10 36
620,0.452452,2700,3.296703,0.796703,2023,2.470085,-0.029915,15 18 0F CE
621,0.452846,2700,3.296703,0.796703,2067,2.523810,0.023810,15 18 10 26
622,0.453196,2701,3.297924,0.797924,2030,2.478632,-0.021368,15 1A 0F DC
623,0.454081,2700,3.296703,0.796703,2023,2.470085,-0.029915,15 18 0F CE
624,0.454620,2700,3.296703,0.796703,2039,2.489621,-0.010379,15 18 0F EE
625,0.455049,2700,3.296703,0.796703,2064,2.520147,0.020147,15 18 10 20
626,0.455376,2700,3.296703,0.796703,2023,2.470085,-0.029915,15 18 0F CE
627,0.455689,2701,3.297924,0.797924,2048,2.500611,0.000611,15 1A 10 00
628,0.456042,2700,3.296703,0.796703,2075,2.533578,0.033578,15 18 10 36
629,0.456458,2700,3.296703,0.796703,2056,2.510379,0.010379,15 18 10 10
630,0.457017,2700,3.296703,0.796703,2030,2.478632,-0.021368,15 18 0F DC
631,0.457597,2700,3.296703,0.796703,2056,2.510379,0.010379,15 18 10 10
632,0.458420,2700,3.296703,0.796703,2022,2.468864,-0.031136,15 18 0F CC
633,0.458916,2700,3.296703,0.796703,2039,2.489621,-0.010379,15 18 0F EE
634,0.459417,2700,3.296703,0.796703,2056,2.510379,0.010379,15 18 10 10
635,0.459830,2700,3.296703,0.796703,2022,2.468864,-0.031136,15 18 0F CC
636,0.460168,2701,3.297924,0.797924,2073,2.531136,0.031136,15 1A 10 32
637,0.460505,2700,3.296703,0.796703,2022,2.468864,-0.031136,15 18 0F CC
638,0.461352,2700,3.296703,0.796703,2039,2.489621,-0.010379,15 18 0F EE
639,0.461874,2700,3.296703,0.796703,2048,2.500611,0.000611,15 18 10 00
640,0.462379,2700,3.296703,0.796703,2056,2.510379,0.010379,15 18 10 10
641,0.462830,2700,3.296703,0.796703,2064,2.520147,0.020147,15 18 10 20
642,0.463316,2701,3.297924,0.797924,2073,2.531136,0.031136,15 1A 10 32
643,0.464186,2700,3.296703,0.796703,2056,2.510379,0.010379,15 18 10 10
644,0.465029,2700,3.296703,0.796703,2039,2.489621,-0.010379,15 18 0F EE
645,0.466241,2701,3.297924,0.797924,2073,2.531136,0.031136,15 1A 10 32
646,0.474923,2700,3.296703,0.796703,2022,2.468864,-0.031136,15 18 0F CC
647,0.475559,2700,3.296703,0.796703,2023,2.470085,-0.029915,15 18 0F CE
648,0.476146,2700,3.296703,0.796703,2039,2.489621,-0.010379,15 18 0F EE
649,0.476625,2700,3.296703,0.796703,2073,2.531136,0.031136,15 18 10 32
650,0.477253,2700,3.296703,0.796703,2075,2.533578,0.033578,15 18 10 36
651,0.477760,2700,3.296703,0.796703,2073,2.531136,0.031136,15 18 10 32
652,0.478148,2700,3.296703,0.796703,2048,2.500611,0.000611,15 18 10 00
653,0.478669,2700,3.296703,0.796703,2073,2.531136,0.031136,15 18 10 32
654,0.479596,2701,3.297924,0.797924,2073,2.531136,0.031136,15 1A 10 32
655,0.480126,2700,3.296703,0.796703,2048,2.500611,0.000611,15 18 10 00
656,0.480713,2700,3.296703,0.796703,2056,2.510379,0.010379,15 18 10 10
657,0.481335,2700,3.296703,0.796703,2064,2.520147,0.020147,15 18 10 20
658,0.481700,2700,3.296703,0.796703,2067,2.523810,0.023810,15 18 10 26
659,0.482121,2700,3.296703,0.796703,2056,2.510379,0.010379,15 18 10 10
660,0.482461,2700,3.296703,0.796703,2056,2.510379,0.010379,15 18 10 10
661,0.482784,2700,3.296703,0.796703,2023,2.470085,-0.029915,15 18 0F CE
662,0.483101,2700,3.296703,0.796703,2046,2.498168,-0.001832,15 18 0F FC
663,0.483399,2700,3.296703,0.796703,2048,2.500611,0.000611,15 18 10 00
664,0.483706,2701,3.297924,0.797924,2039,2.489621,-0.010379,15 1A 0F EE
665,0.484007,2700,3.296703,0.796703,2023,2.470085,-0.029915,15 18 0F CE
666,0.484302,2700,3.296703,0.796703,2048,2.500611,0.000611,15 18 10 00
667,0.484607,2700,3.296703,0.796703,2056,2.510379,0.010379,15 18 10 10
668,0.484898,2701,3.297924,0.797924,2075,2.533578,0.033578,15 1A 10 36
669,0.485188,2700,3.296703,0.796703,2048,2.500611,0.000611,15 18 10 00
670,0.485749,2700,3.296703,0.796703,2048,2.500611,0.000611,15 18 10 00
671,0.486122,2700,3.296703,0.796703,2023,2.470085,-0.029915,15 18 0F CE
672,0.486494,2700,3.296703,0.796703,2048,2.500611,0.000611,15 18 10 00
673,0.487065,2700,3.296703,0.796703,2048,2.500611,0.000611,15 18 10 00
674,0.487704,2700,3.296703,0.796703,2048,2.500611,0.000611,15 18 10 00
675,0.488617,2700,3.296703,0.796703,2075,2.533578,0.033578,15 18 10 36
676,0.489111,2701,3.297924,0.797924,2075,2.533578,0.033578,15 1A 10 36
677,0.489589,2700,3.296703,0.796703,2022,2.468864,-0.031136,15 18 0F CC
678,0.490052,2700,3.296703,0.796703,2023,2.470085,-0.029915,15 18 0F CE
679,0.490387,2700,3.296703,0.796703,2056,2.510379,0.010379,15 18 10 10
680,0.490945,2700,3.296703,0.796703,2056,2.510379,0.010379,15 18 10 10
681,0.491366,2700,3.296703,0.796703,2072,2.529915,0.029915,15 18 10 30
682,0.491733,2700,3.296703,0.796703,2039,2.489621,-0.010379,15 18 0F EE
683,0.492069,2700,3.296703,0.796703,2022,2.468864,-0.031136,15 18 0F CC
684,0.492366,2700,3.296703,0.796703,2067,2.523810,0.023810,15 18 10 26
685,0.492713,2701,3.297924,0.797924,2023,2.470085,-0.029915,15 1A 0F CE
686,0.493066,2700,3.296703,0.796703,2043,2.494505,-0.005495,15 18 0F F6
687,0.493400,2700,3.296703,0.796703,2030,2.478632,-0.021368,15 18 0F DC
688,0.493741,2700,3.296703,0.796703,2072,2.529915,0.029915,15 18 10 30
689,0.494073,2700,3.296703,0.796703,2064,2.520147,0.020147,15 18 10 20
690,0.494512,2701,3.297924,0.797924,2073,2.531136,0.031136,15 1A 10 32
691,0.494883,2700,3.296703,0.796703,2067,2.523810,0.023810,15 18 10 26
692,0.495333,2700,3.296703,0.796703,2075,2.533578,0.033578,15 18 10 36
693,0.496083,2700,3.296703,0.796703,2039,2.489621,-0.010379,15 18 0F EE
694,0.496656,2701,3.297924,0.797924,2048,2.500611,0.000611,15 1A 10 00
695,0.497415,2701,3.297924,0.797924,2043,2.494505,-0.005495,15 1A 0F F6
696,0.498070,2701,3.297924,0.797924,2073,2.531136,0.031136,15 1A 10 32
697,0.498490,2700,3.296703,0.796703,2022,2.468864,-0.031136,15 18 0F CC
698,0.498842,2700,3.296703,0.796703,2023,2.470085,-0.029915,15 18 0F CE
699,0.499212,2700,3.296703,0.796703,2067,2.523810,0.023810,15 18 10 26
700,0.499631,2700,3.296703,0.796703,2039,2.489621,-0.010379,15 18 0F EE
701,0.499986,2701,3.297924,0.797924,2030,2.478632,-0.021368,15 1A 0F DC
702,0.500333,2700,3.296703,0.796703,2048,2.500611,0.000611,15 18 10 00
703,0.500674,2700,3.296703,0.796703,2075,2.533578,0.033578,15 18 10 36
704,0.501020,2700,3.296703,0.796703,2023,2.470085,-0.029915,15 18 0F CE
705,0.501350,2700,3.296703,0.796703,2072,2.529915,0.029915,15 18 10 30
706,0.501684,2700,3.296703,0.796703,2056,2.510379,0.010379,15 18 10 10
707,0.502021,2701,3.297924,0.797924,2043,2.494505,-0.005495,15 1A 0F F6
708,0.502365,2700,3.296703,0.796703,2048,2.500611,0.000611,15 18 10 00
709,0.502722,2700,3.296703,0.796703,2048,2.500611,0.000611,15 18 10 00
710,0.503056,2700,3.296703,0.796703,2030,2.478632,-0.021368,15 18 0F DC
711,0.503399,2700,3.296703,0.796703,2067,2.523810,0.023810,15 18 10 26
712,0.503816,2700,3.296703,0.796703,2039,2.489621,-0.010379,15 18 0F EE
713,0.504310,2700,3.296703,0.796703,2022,2.468864,-0.031136,15 18 0F CC
714,0.504767,2700,3.296703,0.796703,2073,2.531136,0.031136,15 18 10 32
715,0.505178,2700,3.296703,0.796703,2075,2.533578,0.033578,15 18 10 36
716,0.505879,2700,3.296703,0.796703,2048,2.500611,0.000611,15 18 10 00
717,0.506477,2701,3.297924,0.797924,2039,2.489621,-0.010379,15 1A 0F EE
718,0.506992,2701,3.297924,0.797924,2056,2.510379,0.010379,15 1A 10 10
719,0.507379,2700,3.296703,0.796703,2048,2.500611,0.000611,15 18 10 00
720,0.507796,2700,3.296703,0.796703,2023,2.470085,-0.029915,15 18 0F CE
721,0.508145,2701,3.297924,0.797924,2073,2.531136,0.031136,15 1A 10 32
722,0.508502,2700,3.296703,0.796703,2043,2.494505,-0.005495,15 18 0F F6
723,0.508839,2700,3.296703,0.796703,2056,2.510379,0.010379,15 18 10 10
724,0.509328,2700,3.296703,0.796703,2048,2.500611,0.000611,15 18 10 00
725,0.509907,2700,3.296703,0.796703,2048,2.500611,0.000611,15 18 10 00
726,0.510324,2700,3.296703,0.796703,2048,2.500611,0.000611,15 18 10 00
727,0.510680,2700,3.296703,0.796703,2023,2.470085,-0.029915,15 18 0F CE
728,0.511020,2700,3.296703,0.796703,2056,2.510379,0.010379,15 18 10 10
729,0.511363,2700,3.296703,0.796703,2023,2.470085,-0.029915,15 18 0F CE
730,0.511757,2700,3.296703,0.796703,2030,2.478632,-0.021368,15 18 0F DC
731,0.512163,2700,3.296703,0.796703,2067,2.523810,0.023810,15 18 10 26
732,0.512590,2700,3.296703,0.796703,2030,2.478632,-0.021368,15 18 0F DC
733,0.513387,2700,3.296703,0.796703,2030,2.478632,-0.021368,15 18 0F DC
734,0.514422,2700,3.296703,0.796703,2048,2.500611,0.000611,15 18 10 00
735,0.514977,2700,3.296703,0.796703,2048,2.500611,0.000611,15 18 10 00
736,0.515471,2701,3.297924,0.797924,2056,2.510379,0.010379,15 1A 10 10
737,0.515954,2700,3.296703,0.796703,2072,2.529915,0.029915,15 18 10 30
738,0.516401,2700,3.296703,0.796703,2039,2.489621,-0.010379,15 18 0F EE
739,0.516833,2700,3.296703,0.796703,2048,2.500611,0.000611,15 18 10 00
740,0.517312,2701,3.297924,0.797924,2030,2.478632,-0.021368,15 1A 0F DC
741,0.517771,2700,3.296703,0.796703,2056,2.510379,0.010379,15 18 10 10
742,0.518138,2700,3.296703,0.796703,2039,2.489621,-0.010379,15 18 0F EE
743,0.518499,2700,3.296703,0.796703,2028,2.476190,-0.023810,15 18 0F D8
744,0.518843,2700,3.296703,0.796703,2048,2.500611,0.000611,15 18 10 00
745,0.519168,2700,3.296703,0.796703,2048,2.500611,0.000611,15 18 10 00
746,0.519518,2700,3.296703,0.796703,2023,2.470085,-0.029915,15 18 0F CE
747,0.519872,2700,3.296703,0.796703,2048,2.500611,0.000611,15 18 10 00
748,0.520228,2700,3.296703,0.796703,2048,2.500611,0.000611,15 18 10 00
749,0.520553,2700,3.296703,0.796703,2030,2.478632,-0.021368,15 18 0F DC
750,0.520895,2700,3.296703,0.796703,2022,2.468864,-0.031136,15 18 0F CC
751,0.521234,2700,3.296703,0.796703,2048,2.500611,0.000611,15 18 10 00
752,0.521637,2700,3.296703,0.796703,2039,2.489621,-0.010379,15 18 0F EE
753,0.522243,2700,3.296703,0.796703,2048,2.500611,0.000611,15 18 10 00
754,0.522651,2700,3.296703,0.796703,2023,2.470085,-0.029915,15 18 0F CE
755,0.523013,2700,3.296703,0.796703,2075,2.533578,0.033578,15 18 10 36
756,0.523328,2700,3.296703,0.796703,2056,2.510379,0.010379,15 18 10 10
757,0.523634,2700,3.296703,0.796703,2056,2.510379,0.010379,15 18 10 10
758,0.523958,2700,3.296703,0.796703,2023,2.470085,-0.029915,15 18 0F CE
759,0.524441,2700,3.296703,0.796703,2056,2.510379,0.010379,15 18 10 10
760,0.525378,2700,3.296703,0.796703,2048,2.500611,0.000611,15 18 10 00
761,0.526004,2700,3.296703,0.796703,2030,2.478632,-0.021368,15 18 0F DC
762,0.526454,2700,3.296703,0.796703,2056,2.510379,0.010379,15 18 10 10
763,0.526842,2700,3.296703,0.796703,2048,2.500611,0.000611,15 18 10 00
764,0.527205,2701,3.297924,0.797924,2043,2.494505,-0.005495,15 1A 0F F6
765,0.527549,2700,3.296703,0.796703,2075,2.533578,0.033578,15 18 10 36
766,0.527887,2700,3.296703,0.796703,2043,2.494505,-0.005495,15 18 0F F6
767,0.528264,2700,3.296703,0.796703,2043,2.494505,-0.005495,15 18 0F F6
768,0.528622,2700,3.296703,0.796703,2048,2.500611,0.000611,15 18 10 00
769,0.528983,2700,3.296703,0.796703,2048,2.500611,0.000611,15 18 10 00
770,0.529322,2700,3.296703,0.796703,2048,2.500611,0.000611,15 18 10 00
771,0.529755,2700,3.296703,0.796703,2039,2.489621,-0.010379,15 18 0F EE
772,0.530125,2700,3.296703,0.796703,2048,2.500611,0.000611,15 18 10 00
773,0.530625,2700,3.296703,0.796703,2023,2.470085,-0.029915,15 18 0F CE
774,0.531293,2700,3.296703,0.796703,2030,2.478632,-0.021368,15 18 0F DC
775,0.531737,2701,3.297924,0.797924,2023,2.470085,-0.029915,15 1A 0F CE
776,0.532441,2700,3.296703,0.796703,2073,2.531136,0.031136,15 18 10 32
777,0.532967,2701,3.297924,0.797924,2023,2.470085,-0.029915,15 1A 0F CE
778,0.533874,2700,3.296703,0.796703,2075,2.533578,0.033578,15 18 10 36
779,0.534461,2700,3.296703,0.796703,2023,2.470085,-0.029915,15 18 0F CE
780,0.534906,2700,3.296703,0.796703,2048,2.500611,0.000611,15 18 10 00
781,0.535562,2701,3.297924,0.797924,2039,2.489621,-0.010379,15 1A 0F EE
782,0.536239,2701,3.297924,0.797924,2067,2.523810,0.023810,15 1A 10 26
783,0.536714,2700,3.296703,0.796703,2056,2.510379,0.010379,15 18 10 10
784,0.537252,2700,3.296703,0.796703,2056,2.510379,0.010379,15 18 10 10
785,0.537684,2700,3.296703,0.796703,2048,2.500611,0.000611,15 18 10 00
786,0.538092,2700,3.296703,0.796703,2022,2.468864,-0.031136,15 18 0F CC
787,0.538516,2700,3.296703,0.796703,2030,2.478632,-0.021368,15 18 0F DC
788,0.539218,2700,3.296703,0.796703,2075,2.533578,0.033578,15 18 10 36
789,0.539991,2700,3.296703,0.796703,2039,2.489621,-0.010379,15 18 0F EE
790,0.540780,2700,3.296703,0.796703,2067,2.523810,0.023810,15 18 10 26
791,0.541701,2700,3.296703,0.796703,2056,2.510379,0.010379,15 18 10 10
792,0.542273,2700,3.296703,0.796703,2039,2.489621,-0.010379,15 18 0F EE
793,0.543065,2700,3.296703,0.796703,2030,2.478632,-0.021368,15 18 0F DC
794,0.543572,2700,3.296703,0.796703,2073,2.531136,0.031136,15 18 10 32
795,0.544057,2700,3.296703,0.796703,2048,2.500611,0.000611,15 18 10 00
796,0.544498,2700,3.296703,0.796703,2030,2.478632,-0.021368,15 18 0F DC
797,0.544843,2700,3.296703,0.796703,2039,2.489621,-0.010379,15 18 0F EE
798,0.545287,2700,3.296703,0.796703,2064,2.520147,0.020147,15 18 10 20
799,0.545654,2700,3.296703,0.796703,2056,2.510379,0.010379,15 18 10 10
800,0.546061,2700,3.296703,0.796703,2056,2.510379,0.010379,15 18 10 10
801,0.546504,2700,3.296703,0.796703,2030,2.478632,-0.021368,15 18 0F DC
802,0.546958,2701,3.297924,0.797924,2039,2.489621,-0.010379,15 1A 0F EE
803,0.547446,2700,3.296703,0.796703,2030,2.478632,-0.021368,15 18 0F DC
804,0.547968,2700,3.296703,0.796703,2023,2.470085,-0.029915,15 18 0F CE
805,0.548352,2700,3.296703,0.796703,2030,2.478632,-0.021368,15 18 0F DC
806,0.548800,2700,3.296703,0.796703,2022,2.468864,-0.031136,15 18 0F CC
807,0.549198,2700,3.296703,0.796703,2022,2.468864,-0.031136,15 18 0F CC
808,0.549544,2700,3.296703,0.796703,2043,2.494505,-0.005495,15 18 0F F6
809,0.549882,2700,3.296703,0.796703,2075,2.533578,0.033578,15 18 10 36
810,0.550217,2700,3.296703,0.796703,2073,2.531136,0.031136,15 18 10 32
811,0.550574,2700,3.296703,0.796703,2030,2.478632,-0.021368,15 18 0F DC
812,0.551196,2700,3.296703,0.796703,2064,2.520147,0.020147,15 18 10 20
813,0.551624,2700,3.296703,0.796703,2075,2.533578,0.033578,15 18 10 36
814,0.551977,2700,3.296703,0.796703,2073,2.531136,0.031136,15 18 10 32
815,0.552314,2700,3.296703,0.796703,2039,2.489621,-0.010379,15 18 0F EE
816,0.552649,2700,3.296703,0.796703,2067,2.523810,0.023810,15 18 10 26
817,0.552990,2700,3.296703,0.796703,2073,2.531136,0.031136,15 18 10 32
818,0.553313,2700,3.296703,0.796703,2023,2.470085,-0.029915,15 18 0F CE
819,0.553641,2700,3.296703,0.796703,2048,2.500611,0.000611,15 18 10 00
820,0.554071,2700,3.296703,0.796703,2056,2.510379,0.010379,15 18 10 10
821,0.554773,2701,3.297924,0.797924,2039,2.489621,-0.010379,15 1A 0F EE
822,0.555200,2700,3.296703,0.796703,2023,2.470085,-0.029915,15 18 0F CE
823,0.555620,2700,3.296703,0.796703,2048,2.500611,0.000611,15 18 10 00
824,0.556098,2700,3.296703,0.796703,2064,2.520147,0.020147,15 18 10 20
825,0.556462,2700,3.296703,0.796703,2039,2.489621,-0.010379,15 18 0F EE
826,0.556801,2700,3.296703,0.796703,2073,2.531136,0.031136,15 18 10 32
827,0.557147,2700,3.296703,0.796703,2039,2.489621,-0.010379,15 18 0F EE
828,0.557508,2700,3.296703,0.796703,2048,2.500611,0.000611,15 18 10 00
829,0.557924,2700,3.296703,0.796703,2023,2.470085,-0.029915,15 18 0F CE
830,0.558465,2700,3.296703,0.796703,2056,2.510379,0.010379,15 18 10 10
831,0.559080,2700,3.296703,0.796703,2056,2.510379,0.010379,15 18 10 10
832,0.559916,2700,3.296703,0.796703,2056,2.510379,0.010379,15 18 10 10
833,0.560406,2700,3.296703,0.796703,2073,2.531136,0.031136,15 18 10 32
834,0.560951,2700,3.296703,0.796703,2072,2.529915,0.029915,15 18 10 30
835,0.561437,2700,3.296703,0.796703,2023,2.470085,-0.029915,15 18 0F CE
836,0.561831,2700,3.296703,0.796703,2048,2.500611,0.000611,15 18 10 00
837,0.562279,2700,3.296703,0.796703,2056,2.510379,0.010379,15 18 10 10
838,0.562673,2700,3.296703,0.796703,2039,2.489621,-0.010379,15 18 0F EE
839,0.563096,2700,3.296703,0.796703,2067,2.523810,0.023810,15 18 10 26
840,0.563458,2700,3.296703,0.796703,2023,2.470085,-0.029915,15 18 0F CE
841,0.563838,2700,3.296703,0.796703,2039,2.489621,-0.010379,15 18 0F EE
842,0.564508,2700,3.296703,0.796703,2067,2.523810,0.023810,15 18 10 26
843,0.565030,2700,3.296703,0.796703,2067,2.523810,0.023810,15 18 10 26
844,0.565536,2700,3.296703,0.796703,2073,2.531136,0.031136,15 18 10 32
845,0.565992,2700,3.296703,0.796703,2022,2.468864,-0.031136,15 18 0F CC
846,0.566442,2700,3.296703,0.796703,2048,2.500611,0.000611,15 18 10 00
847,0.567074,2700,3.296703,0.796703,2022,2.468864,-0.031136,15 18 0F CC
848,0.567545,2700,3.296703,0.796703,2048,2.500611,0.000611,15 18 10 00
849,0.567975,2700,3.296703,0.796703,2039,2.489621,-0.010379,15 18 0F EE
850,0.568399,2700,3.296703,0.796703,2043,2.494505,-0.005495,15 18 0F F6
851,0.568904,2700,3.296703,0.796703,2064,2.520147,0.020147,15 18 10 20
852,0.569333,2700,3.296703,0.796703,2039,2.489621,-0.010379,15 18 0F EE
853,0.569734,2700,3.296703,0.796703,2056,2.510379,0.010379,15 18 10 10
854,0.570309,2700,3.296703,0.796703,2064,2.520147,0.020147,15 18 10 20
855,0.570756,2700,3.296703,0.796703,2030,2.478632,-0.021368,15 18 0F DC
856,0.571106,2700,3.296703,0.796703,2022,2.468864,-0.031136,15 18 0F CC
857,0.571495,2700,3.296703,0.796703,2056,2.510379,0.010379,15 18 10 10
858,0.572517,2700,3.296703,0.796703,2039,2.489621,-0.010379,15 18 0F EE
859,0.572901,2700,3.296703,0.796703,2056,2.510379,0.010379,15 18 10 10
860,0.573398,2700,3.296703,0.796703,2072,2.529915,0.029915,15 18 10 30
861,0.573827,2700,3.296703,0.796703,2073,2.531136,0.031136,15 18 10 32
862,0.574323,2700,3.296703,0.796703,2056,2.510379,0.010379,15 18 10 10
863,0.574780,2700,3.296703,0.796703,2043,2.494505,-0.005495,15 18 0F F6
864,0.575263,2700,3.296703,0.796703,2064,2.520147,0.020147,15 18 10 20
865,0.575643,2700,3.296703,0.796703,2064,2.520147,0.020147,15 18 10 20
866,0.575978,2700,3.296703,0.796703,2073,2.531136,0.031136,15 18 10 32
867,0.576437,2700,3.296703,0.796703,2023,2.470085,-0.029915,15 18 0F CE
868,0.576975,2700,3.296703,0.796703,2022,2.468864,-0.031136,15 18 0F CC
869,0.577431,2700,3.296703,0.796703,2072,2.529915,0.029915,15 18 10 30
870,0.577806,2700,3.296703,0.796703,2022,2.468864,-0.031136,15 18 0F CC
871,0.578262,2700,3.296703,0.796703,2030,2.478632,-0.021368,15 18 0F DC
872,0.578753,2700,3.296703,0.796703,2022,2.468864,-0.031136,15 18 0F CC
873,0.579394,2700,3.296703,0.796703,2043,2.494505,-0.005495,15 18 0F F6
874,0.580783,2700,3.296703,0.796703,2072,2.529915,0.029915,15 18 10 30
875,0.581487,2700,3.296703,0.796703,2073,2.531136,0.031136,15 18 10 32
876,0.582502,2700,3.296703,0.796703,2022,2.468864,-0.031136,15 18 0F CC
877,0.583013,2700,3.296703,0.796703,2039,2.489621,-0.010379,15 18 0F EE
878,0.583351,2700,3.296703,0.796703,2056,2.510379,0.010379,15 18 10 10
879,0.583844,2700,3.296703,0.796703,2022,2.468864,-0.031136,15 18 0F CC
880,0.584325,2700,3.296703,0.796703,2039,2.489621,-0.010379,15 18 0F EE
881,0.584959,2700,3.296703,0.796703,2030,2.478632,-0.021368,15 18 0F DC
882,0.585445,2700,3.296703,0.796703,2022,2.468864,-0.031136,15 18 0F CC
883,0.585953,2700,3.296703,0.796703,2022,2.468864,-0.031136,15 18 0F CC
884,0.586508,2700,3.296703,0.796703,2023,2.470085,-0.029915,15 18 0F CE
885,0.587121,2701,3.297924,0.797924,2075,2.533578,0.033578,15 1A 10 36
886,0.587856,2700,3.296703,0.796703,2023,2.470085,-0.029915,15 18 0F CE
887,0.589421,2700,3.296703,0.796703,2030,2.478632,-0.021368,15 18 0F DC
888,0.590042,2700,3.296703,0.796703,2073,2.531136,0.031136,15 18 10 32
889,0.590623,2700,3.296703,0.796703,2075,2.533578,0.033578,15 18 10 36
890,0.591102,2700,3.296703,0.796703,2039,2.489621,-0.010379,15 18 0F EE
891,0.591534,2700,3.296703,0.796703,2039,2.489621,-0.010379,15 18 0F EE
892,0.592088,2700,3.296703,0.796703,2073,2.531136,0.031136,15 18 10 32
893,0.592601,2700,3.296703,0.796703,2073,2.531136,0.031136,15 18 10 32
894,0.593082,2700,3.296703,0.796703,2039,2.489621,-0.010379,15 18 0F EE
895,0.593548,2700,3.296703,0.796703,2056,2.510379,0.010379,15 18 10 10
896,0.593885,2700,3.296703,0.796703,2075,2.533578,0.033578,15 18 10 36
897,0.594224,2700,3.296703,0.796703,2039,2.489621,-0.010379,15 18 0F EE
898,0.594565,2700,3.296703,0.796703,2030,2.478632,-0.021368,15 18 0F DC
899,0.594963,2700,3.296703,0.796703,2056,2.510379,0.010379,15 18 10 10
900,0.595662,2700,3.296703,0.796703,2030,2.478632,-0.021368,15 18 0F DC
901,0.596231,2700,3.296703,0.796703,2028,2.476190,-0.023810,15 18 0F D8
902,0.596697,2700,3.296703,0.796703,2052,2.505495,0.005495,15 18 10 08
903,0.597126,2700,3.296703,0.796703,2022,2.468864,-0.031136,15 18 0F CC
904,0.597603,2700,3.296703,0.796703,2030,2.478632,-0.021368,15 18 0F DC
905,0.598082,2700,3.296703,0.796703,2043,2.494505,-0.005495,15 18 0F F6
906,0.598523,2700,3.296703,0.796703,2022,2.468864,-0.031136,15 18 0F CC
907,0.598869,2700,3.296703,0.796703,2048,2.500611,0.000611,15 18 10 00
908,0.599182,2700,3.296703,0.796703,2048,2.500611,0.000611,15 18 10 00
909,0.599487,2700,3.296703,0.796703,2064,2.520147,0.020147,15 18 10 20
910,0.599788,2701,3.297924,0.797924,2028,2.476190,-0.023810,15 1A 0F D8
911,0.600097,2700,3.296703,0.796703,2048,2.500611,0.000611,15 18 10 00
912,0.600456,2700,3.296703,0.796703,2048,2.500611,0.000611,15 18 10 00
913,0.600776,2700,3.296703,0.796703,2022,2.468864,-0.031136,15 18 0F CC
914,0.601084,2701,3.297924,0.797924,2030,2.478632,-0.021368,15 1A 0F DC
915,0.601386,2700,3.296703,0.796703,2043,2.494505,-0.005495,15 18 0F F6
916,0.601681,2700,3.296703,0.796703,2039,2.489621,-0.010379,15 18 0F EE
917,0.601987,2701,3.297924,0.797924,2073,2.531136,0.031136,15 1A 10 32
918,0.602330,2700,3.296703,0.796703,2056,2.510379,0.010379,15 18 10 10
919,0.602736,2700,3.296703,0.796703,2023,2.470085,-0.029915,15 18 0F CE
920,0.603064,2701,3.297924,0.797924,2022,2.468864,-0.031136,15 1A 0F CC
921,0.603406,2700,3.296703,0.796703,2075,2.533578,0.033578,15 18 10 36
922,0.603774,2701,3.297924,0.797924,2046,2.498168,-0.001832,15 1A 0F FC
923,0.604105,2700,3.296703,0.796703,2039,2.489621,-0.010379,15 18 0F EE
924,0.604420,2700,3.296703,0.796703,2072,2.529915,0.029915,15 18 10 30
925,0.604731,2700,3.296703,0.796703,2056,2.510379,0.010379,15 18 10 10
926,0.605042,2701,3.297924,0.797924,2073,2.531136,0.031136,15 1A 10 32
927,0.605350,2700,3.296703,0.796703,2030,2.478632,-0.021368,15 18 0F DC
928,0.605664,2700,3.296703,0.796703,2056,2.510379,0.010379,15 18 10 10
929,0.605982,2701,3.297924,0.797924,2039,2.489621,-0.010379,15 1A 0F EE
930,0.606301,2700,3.296703,0.796703,2030,2.478632,-0.021368,15 18 0F DC
931,0.606611,2700,3.296703,0.796703,2048,2.500611,0.000611,15 18 10 00
932,0.606919,2700,3.296703,0.796703,2030,2.478632,-0.021368,15 18 0F DC
933,0.607225,2700,3.296703,0.796703,2030,2.478632,-0.021368,15 18 0F DC
934,0.607538,2700,3.296703,0.796703,2030,2.478632,-0.021368,15 18 0F DC
935,0.607849,2700,3.296703,0.796703,2072,2.529915,0.029915,15 18 10 30
936,0.608157,2700,3.296703,0.796703,2056,2.510379,0.010379,15 18 10 10
937,0.608473,2700,3.296703,0.796703,2056,2.510379,0.010379,15 18 10 10
938,0.608778,2700,3.296703,0.796703,2048,2.500611,0.000611,15 18 10 00
939,0.609115,2700,3.296703,0.796703,2056,2.510379,0.010379,15 18 10 10
940,0.609432,2700,3.296703,0.796703,2048,2.500611,0.000611,15 18 10 00
941,0.609744,2700,3.296703,0.796703,2075,2.533578,0.033578,15 18 10 36
942,0.610059,2700,3.296703,0.796703,2030,2.478632,-0.021368,15 18 0F DC
943,0.610384,2700,3.296703,0.796703,2039,2.489621,-0.010379,15 18 0F EE
944,0.610840,2701,3.297924,0.797924,2022,2.468864,-0.031136,15 1A 0F CC
945,0.611287,2701,3.297924,0.797924,2030,2.478632,-0.021368,15 1A 0F DC
946,0.611729,2700,3.296703,0.796703,2056,2.510379,0.010379,15 18 10 10
947,0.612246,2700,3.296703,0.796703,2022,2.468864,-0.031136,15 18 0F CC
948,0.612570,2700,3.296703,0.796703,2075,2.533578,0.033578,15 18 10 36
949,0.612877,2700,3.296703,0.796703,2039,2.489621,-0.010379,15 18 0F EE
950,0.613592,2700,3.296703,0.796703,2048,2.500611,0.000611,15 18 10 00
951,0.614603,2700,3.296703,0.796703,2039,2.489621,-0.010379,15 18 0F EE
952,0.615614,2701,3.297924,0.797924,2072,2.529915,0.029915,15 1A 10 30
953,0.616125,2700,3.296703,0.796703,2030,2.478632,-0.021368,15 18 0F DC
954,0.616596,2700,3.296703,0.796703,2039,2.489621,-0.010379,15 18 0F EE
955,0.617393,2700,3.296703,0.796703,2075,2.533578,0.033578,15 18 10 36
956,0.617911,2700,3.296703,0.796703,2056,2.510379,0.010379,15 18 10 10
957,0.618550,2700,3.296703,0.796703,2022,2.468864,-0.031136,15 18 0F CC
958,0.619023,2700,3.296703,0.796703,2067,2.523810,0.023810,15 18 10 26
959,0.619408,2700,3.296703,0.796703,2039,2.489621,-0.010379,15 18 0F EE
960,0.619751,2700,3.296703,0.796703,2030,2.478632,-0.021368,15 18 0F DC
961,0.620115,2701,3.297924,0.797924,2073,2.531136,0.031136,15 1A 10 32
962,0.620466,2700,3.296703,0.796703,2073,2.531136,0.031136,15 18 10 32
963,0.620804,2701,3.297924,0.797924,2056,2.510379,0.010379,15 1A 10 10
964,0.621155,2700,3.296703,0.796703,2075,2.533578,0.033578,15 18 10 36
965,0.621477,2700,3.296703,0.796703,2048,2.500611,0.000611,15 18 10 00
966,0.621799,2700,3.296703,0.796703,2056,2.510379,0.010379,15 18 10 10
967,0.622138,2700,3.296703,0.796703,2048,2.500611,0.000611,15 18 10 00
968,0.622471,2700,3.296703,0.796703,2030,2.478632,-0.021368,15 18 0F DC
969,0.622782,2701,3.297924,0.797924,2030,2.478632,-0.021368,15 1A 0F DC
970,0.623109,2700,3.296703,0.796703,2056,2.510379,0.010379,15 18 10 10
971,0.623420,2700,3.296703,0.796703,2039,2.489621,-0.010379,15 18 0F EE
972,0.623729,2700,3.296703,0.796703,2075,2.533578,0.033578,15 18 10 36
973,0.624060,2700,3.296703,0.796703,2072,2.529915,0.029915,15 18 10 30
974,0.624620,2701,3.297924,0.797924,2030,2.478632,-0.021368,15 1A 0F DC
975,0.625089,2701,3.297924,0.797924,2023,2.470085,-0.029915,15 1A 0F CE
976,0.625463,2700,3.296703,0.796703,2048,2.500611,0.000611,15 18 10 00
977,0.625793,2700,3.296703,0.796703,2056,2.510379,0.010379,15 18 10 10
978,0.626114,2700,3.296703,0.796703,2030,2.478632,-0.021368,15 18 0F DC
979,0.626421,2700,3.296703,0.796703,2073,2.531136,0.031136,15 18 10 32
980,0.626727,2700,3.296703,0.796703,2023,2.470085,-0.029915,15 18 0F CE
981,0.627056,2701,3.297924,0.797924,2072,2.529915,0.029915,15 1A 10 30
982,0.627378,2700,3.296703,0.796703,2030,2.478632,-0.021368,15 18 0F DC
983,0.627687,2700,3.296703,0.796703,2039,2.489621,-0.010379,15 18 0F EE
984,0.628034,2700,3.296703,0.796703,2073,2.531136,0.031136,15 18 10 32
985,0.628500,2700,3.296703,0.796703,2048,2.500611,0.000611,15 18 10 00
986,0.629122,2701,3.297924,0.797924,2067,2.523810,0.023810,15 1A 10 26
987,0.629730,2700,3.296703,0.796703,2064,2.520147,0.020147,15 18 10 20
988,0.630404,2701,3.297924,0.797924,2022,2.468864,-0.031136,15 1A 0F CC
989,0.630808,2701,3.297924,0.797924,2039,2.489621,-0.010379,15 1A 0F EE
990,0.631157,2700,3.296703,0.796703,2022,2.468864,-0.031136,15 18 0F CC
991,0.631465,2700,3.296703,0.796703,2048,2.500611,0.000611,15 18 10 00
992,0.631746,2700,3.296703,0.796703,2056,2.510379,0.010379,15 18 10 10
993,0.632044,2700,3.296703,0.796703,2022,2.468864,-0.031136,15 18 0F CC
994,0.632332,2700,3.296703,0.796703,2048,2.500611,0.000611,15 18 10 00
995,0.632605,2700,3.296703,0.796703,2048,2.500611,0.000611,15 18 10 00
996,0.632886,2700,3.296703,0.796703,2056,2.510379,0.010379,15 18 10 10
997,0.633159,2700,3.296703,0.796703,2048,2.500611,0.000611,15 18 10 00
998,0.633429,2701,3.297924,0.797924,2075,2.533578,0.033578,15 1A 10 36
999,0.633902,2701,3.297924,0.797924,2048,2.500611,0.000611,15 1A 10 00
1000,0.634232,2700,3.296703,0.796703,2022,2.468864,-0.031136,15 18 0F CC
